{"cameraMode":{"drawMode":0,"name":"Shaded","section":"Shading Mode"},"sceneLighting":true,"audioPlay":false,"sceneViewState":{"showFog":true,"showMaterialUpdate":false,"showSkybox":true,"showFlares":true,"showImageEffects":true,"showParticleSystems":true},"in2DMode":false,"pivot":{"x":379.33123779296877,"y":205.70516967773438,"z":-33.083709716796878},"rotation":{"x":0.022498078644275667,"y":-0.0014996195677667857,"z":0.00003374719381099567,"w":0.999745786190033},"size":467.97540283203127,"orthographic":true}